Symbol,FullName,Sector,startDate,endDate,Duration,LatestClose,Prediction1wA,Prediction1mA,Gaps1wA,Gaps1mA,1wA%,1mA%,Validation,Accuracy1wB
Nasdaq,,,,,,,,,,,,,,
Dow Futures,,,,,,,,,,,,,,
APH,Amphenol Corporation,Technology,1991-11-08,2024-10-25,12040,69.41000366210938,41.48549,30.159296,-27.924513662109376,-39.25070766210938,0.5976874774701496,0.4345093561270597,V,HELLp
UAA,"Under Armour, Inc.",Consumer Cyclical,2005-11-18,2024-10-25,6916,8.630000114440918,8.745748,8.535474,0.11574788555908277,-0.0945261144409173,1.0134122692959642,0.989046800325907,V,HELLp
ADBE,Adobe Inc.,Technology,1986-08-13,2024-10-25,13953,483.7200012207031,332.33643,263.6958,-151.38357122070312,-220.0242012207031,0.6870429776757722,0.5451414027423803,V,HELLp
MARA,"MARA Holdings, Inc.",Financial Services,2012-05-04,2024-10-25,4557,17.059999465942383,17.686415,15.994499,0.6264155340576174,-1.0655004659423835,1.0367183794646746,0.9375439332181992,V,HELLp
JNPR,"Juniper Networks, Inc.",Technology,1999-06-25,2024-10-25,9254,39.08000183105469,38.111015,35.33047,-0.9689868310546856,-3.7495318310546892,0.9752050464264644,0.9040549729945215,V,HELLp
AFRM,"Affirm Holdings, Inc.",Technology,2021-01-13,2024-10-25,1381,40.70000076293945,37.513077,27.686157,-3.1869237629394505,-13.013843762939452,0.921697206309603,0.68024954498798,V,HELLp
HBI,Hanesbrands Inc.,Consumer Cyclical,2006-09-06,2024-10-25,6624,6.949999809265137,6.8653307,6.6324224,-0.08466910926513638,-0.31757740926513645,0.9878173940160023,0.9543054074847931,V,HELLp
TEM,"Tempus AI, Inc",Healthcare,2024-06-14,2024-10-25,133,43.5099983215332,46.801437,45.23674,3.291438678466797,1.7267416784667944,1.0756478695803087,1.0396860892916244,V,HELLp
VALE,Vale S.A.,Basic Materials,2002-03-21,2024-10-25,8254,10.880000114440918,10.393471,10.104483,-0.48652911444091806,-0.7755171144409179,0.9552822509813071,0.9287208542018689,V,HELLp
S&P 500,,,,,,,,,,,,,,
UBER,"Uber Technologies, Inc.",Technology,2019-05-10,2024-10-25,1995,77.62000274658203,72.38233,66.64827,-5.237672746582035,-10.971732746582035,0.9325216109089526,0.858648127308071,V,HELLp
SBUX,Starbucks Corporation,Consumer Cyclical,1992-06-26,2024-10-25,11809,97.30999755859376,95.8241,93.54716,-1.4858975585937628,-3.762837558593759,0.98473026825739,0.9613314391840568,V,HELLp
EXC,Exelon Corporation,Utilities,1973-05-02,2024-10-25,18804,40.06999969482422,40.92105,41.553543,0.8510503051757823,1.483543305175779,1.0212390893850123,1.0370237912771285,V,HELLp
BHVN,Biohaven Ltd.,Healthcare,2022-09-23,2024-10-25,763,52.84000015258789,51.209972,49.697723,-1.6300281525878901,-3.142277152587887,0.9691516247562301,0.9405322266556808,V,HELLp
ET,Energy Transfer LP,Energy,2006-02-03,2024-10-25,6839,16.450000762939453,16.402752,16.42907,-0.04724876293945357,-0.02093076293945373,0.9971277349089307,0.9987276132541824,V,HELLp
PATH,UiPath Inc.,Technology,2021-04-21,2024-10-25,1283,12.350000381469728,14.824396,16.540245,2.474395618530272,4.19024461853027,1.200355914340126,1.3392910517490693,V,HELLp
KHC,The Kraft Heinz Company,Consumer Defensive,2015-07-06,2024-10-25,3399,34.7400016784668,34.897053,34.291344,0.15705132153320278,-0.4486576784667946,1.0045207632108593,0.9870852718252777,V,HELLp
CMG,"Chipotle Mexican Grill, Inc.",Consumer Cyclical,2006-01-26,2024-10-25,6847,59.43999862670898,42.69864,35.55884,-16.74135862670898,-23.88115862670898,0.7183486034068252,0.5982308348173794,V,HELLp
PSNY,Polestar Automotive Holding UK PLC,Consumer Cyclical,2021-05-18,2024-10-25,1256,1.3300000429153442,2.025245,2.58746,0.6952449570846557,1.2574599570846559,1.5227405523692217,1.9454585838420866,V,HELLp
SYM,Symbotic Inc.,Industrials,2021-03-09,2024-10-25,1326,27.420000076293945,32.270916,40.189606,4.850915923706054,12.769605923706052,1.1769115940995176,1.46570408053157,V,HELLp
UEC,Uranium Energy Corp.,Energy,2007-04-05,2024-10-25,6413,7.730000019073486,7.0466275,5.665793,-0.6833725190734867,-2.0642070190734865,0.9115947584233777,0.7329615764579388,V,HELLp
GERN,Geron Corporation,Healthcare,1996-07-31,2024-10-25,10313,4.059999942779541,4.2307973,4.833846,0.17079735722045886,0.7738460572204593,1.0420683151792185,1.1906024798341923,V,HELLp
USB,U.S. Bancorp,Financial Services,1973-05-03,2024-10-25,18803,47.7400016784668,49.69268,53.421116,1.952678321533206,5.681114321533201,1.0409023513380806,1.1190011336781263,V,HELLp
ANET,"Arista Networks, Inc.",Technology,2014-06-06,2024-10-25,3794,394.0899963378906,244.57579,188.78622,-149.5142063378906,-205.30377633789064,0.6206089783367708,0.47904342093001445,V,HELLp
KVUE,Kenvue Inc.,Consumer Defensive,2023-05-04,2024-10-25,540,22.63999938964844,22.240414,20.876804,-0.3995853896484398,-1.7631953896484411,0.9823504681792907,0.9221203428806355,V,HELLp
CVE,Cenovus Energy Inc.,Energy,2009-11-17,2024-10-25,5456,16.899999618530273,16.809856,16.796824,-0.09014361853027353,-0.10317561853027257,0.9946660579547331,0.9938949336769721,V,HELLp
SCHW,The Charles Schwab Corporation,Financial Services,1987-09-22,2024-10-25,13548,71.81999969482422,66.43487,58.562428,-5.385129694824215,-13.257571694824222,0.9250190793970123,0.815405572944055,V,HELLp
META,"Meta Platforms, Inc.",Communication Services,2012-05-18,2024-10-25,4543,573.25,449.3636,368.92566,-123.88639999999998,-204.32434,0.7838876580898386,0.643568530309638,V,HELLp
NOW,"ServiceNow, Inc.",Technology,2012-06-29,2024-10-25,4501,950.8499755859376,750.48035,619.07806,-200.36962558593757,-331.77191558593756,0.7892731443123141,0.651078588521295,V,HELLp
KEYS,"Keysight Technologies, Inc.",Technology,2014-10-20,2024-10-25,3658,155.97999572753906,157.43173,161.38953,1.451734272460925,5.409534272460945,1.0093071824094466,1.0346809489718807,V,HELLp
BTG,B2Gold Corp.,Basic Materials,2008-06-24,2024-10-25,5967,3.359999895095825,3.3915496,3.3038251,0.031549704904174636,-0.056174795095825125,1.0093897934194056,0.9832813104614031,V,HELLp
VRSN,"VeriSign, Inc.",Technology,1998-01-30,2024-10-25,9765,181.25999450683597,186.1318,187.98833,4.871805493164032,6.728335493164025,1.0268774447799087,1.0371198041325675,V,HELLp
BZ,Kanzhun Limited,Communication Services,2021-06-11,2024-10-25,1232,14.890000343322754,15.627184,16.56276,0.7371836566772458,1.672759656677247,1.0495086393337678,1.1123411429219594,V,HELLp
BABA,Alibaba Group Holding Limited,Consumer Cyclical,2014-09-19,2024-10-25,3689,97.41999816894533,96.639496,93.554924,-0.7805021689453326,-3.865074168945327,0.9919882756762961,0.9603256596018147,V,HELLp
HAL,Halliburton Company,Energy,1972-06-01,2024-10-25,19139,28.25,27.670744,27.34829,-0.5792560000000009,-0.9017100000000013,0.9794953628318583,0.9680810619469026,V,HELLp
RNMBY,Rheinmetall AG,Industrials,2012-11-26,2024-10-25,4351,104.99500274658205,65.35413,49.625202,-39.64087274658205,-55.369800746582044,0.6224499099041884,0.47264346589690887,V,HELLp
KAVL,"Kaival Brands Innovations Group, Inc.",Consumer Defensive,2021-01-08,2024-10-25,1386,1.0130000114440918,7.32124,15.5347595,6.308239988555909,14.521759488555908,7.227285209565928,15.33539913573572,V,HELLp
JPM,JPMorgan Chase & Co.,Financial Services,1980-03-17,2024-10-25,16293,222.30999755859372,154.46332,116.35609,-67.84667755859371,-105.95390755859373,0.6948104974869089,0.5233956694607597,V,HELLp
CG,The Carlyle Group Inc.,Financial Services,2012-05-03,2024-10-25,4558,50.220001220703125,49.64174,48.827953,-0.5782612207031264,-1.3920482207031242,0.9884854399313567,0.9722809998632725,V,HELLp
ORCL,Oracle Corporation,Technology,1986-03-12,2024-10-25,14107,173.52000427246094,111.43173,76.46381,-62.088274272460936,-97.05619427246094,0.6421837670372,0.44066279459016494,V,HELLp
TEAM,Atlassian Corporation,Technology,2015-12-09,2024-10-25,3243,188.72999572753903,187.9614,182.5196,-0.7685957275390365,-6.210395727539037,0.9959275380440923,0.9670937536791729,V,HELLp
CSCO,"Cisco Systems, Inc.",Technology,1990-02-16,2024-10-25,12670,55.7400016784668,56.584225,57.597076,0.8442233215332067,1.8570743215332044,1.0151457354881879,1.0333167252531787,V,HELLp
WFC,Wells Fargo & Company,Financial Services,1972-06-01,2024-10-25,19139,64.52999877929688,65.33247,65.9072,0.8024712207031257,1.3772012207031281,1.0124356304956352,1.0213420307880894,V,HELLp
MDT,Medtronic plc,Healthcare,1973-05-02,2024-10-25,18804,90.58999633789062,89.724495,85.94972,-0.8655013378906204,-4.640276337890626,0.9904459501834795,0.9487771660726985,V,HELLp
GME,GameStop Corp.,Consumer Cyclical,2002-02-13,2024-10-25,8290,20.56999969482422,35.903736,43.768032,15.333736305175783,23.19803230517578,1.7454417371252575,2.1277604593748642,V,HELLp
RIVN,"Rivian Automotive, Inc.",Consumer Cyclical,2021-11-10,2024-10-25,1080,10.449999809265137,14.426322,27.971037,3.976322190734864,17.521037190734862,1.3805093074938999,2.676654307227875,V,HELLp
GDS,GDS Holdings Limited,Technology,2016-11-02,2024-10-25,2914,21.489999771118164,20.74915,19.314713,-0.7408497711181639,-2.175286771118163,0.9655258362490147,0.8987767894701574,V,HELLp
XPEV,XPeng Inc.,Consumer Cyclical,2020-08-27,2024-10-25,1520,11.130000114440918,11.416485,11.890736,0.2864848855590818,0.7607358855590824,1.025739881636423,1.068350033938638,V,HELLp
NCLH,Norwegian Cruise Line Holdings Ltd.,Consumer Cyclical,2013-01-18,2024-10-25,4298,23.15999984741211,21.681448,18.92079,-1.4785518474121098,-4.239209847412109,0.9361592462368983,0.816959849942063,V,HELLp
PEP,"PepsiCo, Inc.",Consumer Defensive,1972-06-01,2024-10-25,19139,171.7899932861328,152.14381,130.77219,-19.64618328613281,-41.01780328613282,0.8856383721174598,0.7612328721742616,V,HELLp
GOOGL,Alphabet Inc.,Communication Services,2004-08-19,2024-10-25,7372,165.27000427246094,149.95103,136.64427,-15.318974272460935,-28.62573427246093,0.9073094095937314,0.8267941336452735,V,HELLp
ADMA,"ADMA Biologics, Inc.",Healthcare,2013-10-17,2024-10-25,4026,15.8100004196167,13.169453,11.136788,-2.6405474196166985,-4.6732124196167,0.8329824573350191,0.7044141495519329,V,HELLp
VZ,Verizon Communications Inc.,Communication Services,1983-11-21,2024-10-25,14949,41.380001068115234,42.336025,43.372845,0.956023931884765,1.9928439318847637,1.0231035260320815,1.0481595911175634,V,HELLp
Nasdaq Futures,,,,,,,,,,,,,,
ACN,Accenture plc,Technology,2001-07-19,2024-10-25,8499,360.7999877929688,360.47733,347.6939,-0.3226577929688119,-13.106087792968822,0.9991057156211602,0.9636749217394951,V,HELLp
NFE,New Fortress Energy Inc.,Utilities,2019-01-31,2024-10-25,2094,8.640000343322754,11.370812,13.978449,2.730811656677247,5.3384486566772456,1.3160661514079335,1.6178759773780513,V,HELLp
ON,ON Semiconductor Corporation,Technology,2000-05-02,2024-10-25,8942,71.25,67.19683,65.72829,-4.053169999999994,-5.521709999999999,0.943113403508772,0.9225023157894737,V,HELLp
TSLA,"Tesla, Inc.",Consumer Cyclical,2010-06-29,2024-10-25,5232,269.19000244140625,244.3159,270.95706,-24.87410244140625,1.7670575585937627,0.9075964849518491,1.0065643506169155,V,HELLp
GLW,Corning Incorporated,Technology,1981-12-31,2024-10-25,15639,46.25,48.04765,52.348854,1.7976499999999973,6.098854000000003,1.0388681081081081,1.1318671135135137,V,HELLp
MDB,"MongoDB, Inc.",Technology,2017-10-19,2024-10-25,2563,268.739990234375,271.21783,287.99142,2.477839765624992,19.251429765625005,1.009220212308053,1.0716358951596126,V,HELLp
SIRI,Sirius XM Holdings Inc.,Communication Services,1994-09-13,2024-10-25,11000,26.399999618530277,20.705238,3.4836845,-5.694761618530276,-22.916315118530278,0.7842893295144937,0.1319577481188593,V,HELLp
KMI,"Kinder Morgan, Inc.",Energy,2011-02-11,2024-10-25,5005,24.950000762939453,24.254444,22.546448,-0.6955567629394537,-2.4035527629394515,0.9721219742817552,0.9036652228680622,V,HELLp
MSI,"Motorola Solutions, Inc.",Technology,1962-01-02,2024-10-25,22942,462.3200073242188,303.70377,209.96341,-158.6162373242188,-252.3565973242188,0.6569124528219188,0.45415168427429853,V,HELLp
UAL,"United Airlines Holdings, Inc.",Industrials,2006-02-06,2024-10-25,6836,74.63999938964844,73.867584,73.037094,-0.7724153896484438,-1.6029053896484413,0.9896514550379865,0.9785248472299594,V,HELLp
ZBRA,Zebra Technologies Corporation,Technology,1991-08-15,2024-10-25,12125,360.0899963378906,298.79056,241.87216,-61.2994363378906,-118.21783633789062,0.8297663446324395,0.6716991931457023,V,HELLp
SLB,Schlumberger Limited,Energy,1981-12-31,2024-10-25,15639,41.7400016784668,42.20454,43.848286,0.4645383215332046,2.1082843215332048,1.011129331644777,1.050509924215476,V,HELLp
ANSS,"ANSYS, Inc.",Technology,1996-06-20,2024-10-25,10354,322.8099975585937,312.6274,295.9835,-10.18259755859367,-26.8264975585937,0.9684563748471098,0.9168969432127815,V,HELLp
GRAB,Grab Holdings Limited,Technology,2020-12-01,2024-10-25,1424,4.070000171661377,3.595414,3.2373424,-0.47458617166137707,-0.8326577716613768,0.8833940659349774,0.7954157895473785,V,HELLp
IEP,Icahn Enterprises L.P.,Energy,1987-07-23,2024-10-25,13609,15.329999923706056,16.115242,18.687664,0.785242076293942,3.357664076293945,1.051222575355637,1.2190257073062152,V,HELLp
APP,AppLovin Corporation,Technology,2021-04-15,2024-10-25,1289,161.6300048828125,103.00344,78.513916,-58.6265648828125,-83.1160888828125,0.6372791987148745,0.4857632470958927,V,HELLp
PCG,PG&E Corporation,Utilities,1972-06-01,2024-10-25,19139,20.36000061035156,20.503265,20.138117,0.14326438964844002,-0.2218836103515578,1.007036561166683,0.9891019841011819,V,HELLp
C,Citigroup Inc.,Financial Services,1977-01-03,2024-10-25,17462,61.7599983215332,59.09749,48.67999,-2.6625083215332026,-13.080008321533207,0.9568894366273826,0.7882122947375027,V,HELLp
RIOT,"Riot Platforms, Inc.",Financial Services,2016-03-31,2024-10-25,3130,9.640000343322754,10.678184,12.607941,1.038183656677246,2.9679406566772464,1.1076953962347476,1.3078776505161664,V,HELLp
MRVL,"Marvell Technology, Inc.",Technology,2000-06-30,2024-10-25,8883,81.61000061035156,61.20415,50.082096,-20.405850610351564,-31.527904610351563,0.7499589455000782,0.6136759664923651,V,HELLp
DJTWW,Trump Media & Technology Group Corp.,Communication Services,2024-03-26,2024-10-25,213,27.71999931335449,22.284445,21.662653,-5.435554313354487,-6.05734631335449,0.8039121772006742,0.7814810078138682,V,HELLp
BAC,Bank of America Corporation,Financial Services,1973-02-21,2024-10-25,18874,41.88999938964844,42.578934,42.525093,0.6889346103515592,0.6350936103515608,1.0164462788347952,1.015160983996302,V,HELLp
ASTS,"AST SpaceMobile, Inc.",Technology,2019-11-01,2024-10-25,1820,25.6200008392334,18.064665,15.714319,-7.555335839233397,-9.905681839233399,0.7051000939990809,0.6133613772539674,V,HELLp
TEVA,Teva Pharmaceutical Industries Limited,Healthcare,1982-02-16,2024-10-25,15592,17.899999618530273,18.347189,18.41816,0.44718938146972675,0.5181603814697269,1.024982647541891,1.0289475079615824,V,HELLp
SWN,Southwestern Energy Company,Energy,1980-03-17,2024-09-30,16268,7.110000133514404,7.0935535,7.1930146,-0.016446633514404674,0.0830144664855954,0.9976868307727759,1.0116757334636732,V,HELLp
HR,Healthcare Realty Trust Incorporated,Real Estate,1993-05-27,2024-10-25,11474,17.700000762939453,18.573528,19.461517,0.8735272370605465,1.7615162370605475,1.0493518191755986,1.0995206870696208,V,HELLp
PAGS,PagSeguro Digital Ltd.,Technology,2018-01-24,2024-10-25,2466,8.270000457763672,8.662934,9.284055,0.39293354223632804,1.0140545422363285,1.0475131221870069,1.122618438465062,V,HELLp
SMCI,"Super Micro Computer, Inc.",Technology,2007-03-29,2024-10-25,6420,47.27000045776367,48.173035,54.757946,0.9030345422363268,7.487945542236325,1.0191037557328395,1.158407985397142,V,HELLp
WBD,"Warner Bros. Discovery, Inc.",Communication Services,2005-07-08,2024-10-25,7049,7.599999904632568,8.155024,9.163562,0.5550240953674308,1.5635620953674323,1.073029487148956,1.205731857235204,V,HELLp
EW,Edwards Lifesciences Corporation,Healthcare,2000-03-27,2024-10-25,8978,69.37999725341797,71.04917,73.009384,1.669172746582035,3.6293867465820284,1.0240584147111624,1.0523117164926556,V,HELLp
PFE,Pfizer Inc.,Healthcare,1972-06-01,2024-10-25,19139,28.450000762939453,28.560228,28.109032,0.11022723706054549,-0.340968762939454,1.0038744194764357,0.9880151580388139,V,HELLp
VFC,V.F. Corporation,Consumer Cyclical,1980-03-17,2024-10-25,16293,16.729999542236328,17.76733,18.835024,1.037330457763673,2.1050244577636725,1.0620042131588134,1.125823342221221,V,HELLp
NTAP,"NetApp, Inc.",Technology,1995-11-21,2024-10-25,10566,119.41000366210938,112.31747,101.38657,-7.092533662109375,-18.02343366210937,0.9406035219446196,0.849062615280461,V,HELLp
SBSW,Sibanye Stillwater Limited,Basic Materials,2013-02-11,2024-10-25,4274,4.929999828338623,4.660299,4.5470667,-0.26970082833862286,-0.3829331283386228,0.945293947722203,0.9223259347520771,V,HELLp
INTC,Intel Corporation,Technology,1980-03-17,2024-10-25,16293,22.68000030517578,22.73516,24.43668,0.05515969482421923,1.7566796948242178,1.0024320852769844,1.077455011957091,V,HELLp
COIN,"Coinbase Global, Inc.",Financial Services,2021-04-14,2024-10-25,1290,205.0399932861328,213.42662,225.92151,8.386626713867201,20.8815167138672,1.0409023945985196,1.1018411890246558,V,HELLp
HPQ,HP Inc.,Technology,1962-01-02,2024-10-25,22942,36.880001068115234,34.120033,31.216087,-2.759968068115235,-5.663914068115233,0.9251635578041949,0.8464231587831489,V,HELLp
BP,BP p.l.c.,Energy,1962-01-02,2024-10-25,22942,31.520000457763672,30.927843,29.796719,-0.5921574577636726,-1.7232814577636724,0.9812132788970878,0.9453273657126736,V,HELLp
VICI,VICI Properties Inc.,Real Estate,2018-01-02,2024-10-25,2488,32.099998474121094,32.559505,32.152794,0.4595065258789077,0.052795525878906346,1.0143148457234152,1.0016447205105468,V,HELLp
ICHBF,"Industrias CH, S. A. B. de C. V.",Basic Materials,2017-08-30,2024-10-25,2613,9.916099548339844,10.253071,10.816099,0.3369714516601565,0.8999994516601557,1.0339822578441715,1.0907614377278851,V,HELLp
TRMB,Trimble Inc.,Technology,1990-07-20,2024-10-25,12516,60.900001525878906,53.477245,45.56935,-7.422756525878903,-15.330651525878906,0.87811565944338,0.7482651700860092,V,HELLp
WDC,Western Digital Corporation,Technology,1978-10-31,2024-10-25,16796,69.44999694824219,66.728355,67.876686,-2.721641948242194,-1.573310948242181,0.9608114893040167,0.9773461336590886,V,HELLp
PINS,"Pinterest, Inc.",Communication Services,2019-04-18,2024-10-25,2017,32.349998474121094,30.83123,27.92802,-1.5187684741210923,-4.421978474121094,0.9530519769471997,0.8633082323741521,V,HELLp
FSLR,"First Solar, Inc.",Technology,2006-11-17,2024-10-25,6552,198.47000122070312,191.24065,184.21901,-7.229351220703137,-14.250991220703128,0.9635745897302438,0.9281957417592006,V,HELLp
Russell 2000 Futures,,,,,,,,,,,,,,
GLMD,Galmed Pharmaceuticals Ltd.,Healthcare,2014-03-13,2024-10-25,3879,3.930000066757202,5.128686,6.648788,1.198685933242798,2.7187879332427975,1.3050091381377205,1.6918035336030355,V,HELLp
RF,Regions Financial Corporation,Financial Services,1980-03-17,2024-10-25,16293,23.5,23.996609,24.725994,0.4966089999999994,1.225994,1.0211322978723405,1.0521699574468084,V,HELLp
VLY,Valley National Bancorp,Financial Services,1990-03-23,2024-10-25,12635,9.270000457763672,9.547669,10.059086,0.277668542236329,0.7890855422363288,1.029953455072786,1.085122492262173,V,HELLp
CDNS,"Cadence Design Systems, Inc.",Technology,1987-06-10,2024-10-25,13652,257.29998779296875,165.56998,110.71002,-91.73000779296876,-146.58996779296876,0.6434900421885077,0.4302760406233699,V,HELLp
VOD,Vodafone Group Public Limited Company,Communication Services,1988-11-02,2024-10-25,13141,9.479999542236328,9.241737,8.534012,-0.2382625422363276,-0.9459875422363275,0.9748668192255924,0.9002122797557468,V,HELLp
JD,"JD.com, Inc.",Consumer Cyclical,2014-05-22,2024-10-25,3809,39.900001525878906,37.866882,33.886715,-2.0331195258789094,-6.013286525878904,0.949044625360221,0.8492910702778114,V,HELLp
MSFT,Microsoft Corporation,Technology,1986-03-13,2024-10-25,14106,428.1499938964844,193.77898,130.54218,-234.37101389648438,-297.60781389648434,0.45259601252464515,0.30489824094581613,V,HELLp
ROIV,Roivant Sciences Ltd.,Healthcare,2020-12-08,2024-10-25,1417,11.920000076293944,11.099422,10.527771,-0.820578076293943,-1.392229076293944,0.9311595577985039,0.8832022594477362,V,HELLp
KEY,KeyCorp,Financial Services,1987-11-05,2024-10-25,13504,17.040000915527344,17.284723,17.643467,0.24472208447265587,0.6034660844726574,1.014361623904002,1.0354146744160537,V,HELLp
NVAX,"Novavax, Inc.",Healthcare,1995-12-05,2024-10-25,10552,9.739999771118164,9.927351,9.89559,0.18735122888183575,0.15559022888183627,1.0192352395569233,1.0159743565234165,V,HELLp
QCOM,QUALCOMM Incorporated,Technology,1991-12-13,2024-10-25,12005,170.27000427246094,123.9068,93.15433,-46.36320427246093,-77.11567427246094,0.7277077400064433,0.5470977134113255,V,HELLp
YMM,Full Truck Alliance Co. Ltd.,Technology,2021-06-23,2024-10-25,1220,8.979999542236328,9.509728,13.342306,0.5297284577636727,4.3623064577636725,1.0589898089941052,1.48578025391272,V,HELLp
OMEX,"Odyssey Marine Exploration, Inc.",Basic Materials,1999-10-26,2024-10-25,9131,0.5180000066757202,2.2325804,4.5416427,1.7145803933242796,4.0236426933242795,4.3100007166556775,8.767649887006993,V,HELLp
LDOS,"Leidos Holdings, Inc.",Technology,2006-10-17,2024-10-25,6583,168.7100067138672,128.14891,107.57183,-40.56109671386719,-61.13817671386718,0.7595809667492992,0.6376138090163332,V,HELLp
HST,"Host Hotels & Resorts, Inc.",Real Estate,1980-03-17,2024-10-25,16293,17.579999923706055,17.616814,17.92189,0.03681407629394684,0.3418900762939465,1.0020940885354785,1.0194476722285373,V,HELLp
GSAT,"Globalstar, Inc.",Communication Services,2006-11-02,2024-10-25,6567,1.0299999713897705,1.1483804,1.4676343,0.11838042861022946,0.43763432861022955,1.1149324581538578,1.4248877094819072,V,HELLp
XOM,Exxon Mobil Corporation,Energy,1962-01-02,2024-10-25,22942,119.48999786376952,117.404564,111.21303,-2.0854338637695236,-8.276967863769514,0.9825472097995421,0.9307308727781042,V,HELLp
RBLX,Roblox Corporation,Communication Services,2021-03-10,2024-10-25,1325,42.13999938964844,40.137268,37.955814,-2.0027313896484387,-4.184185389648441,0.952474337478505,0.9007075118592367,V,HELLp
RTX,RTX Corporation,Industrials,1962-04-02,2024-10-25,22852,125.16000366210938,116.831314,101.55874,-8.328689662109369,-23.601263662109375,0.9334556614060665,0.8114312642094116,V,HELLp
MSTR,MicroStrategy Incorporated,Technology,1998-06-11,2024-10-25,9633,234.33999633789065,201.3198,171.98022,-33.02019633789067,-62.35977633789065,0.8590927846124934,0.7338918779875067,V,HELLp
LYG,Lloyds Banking Group plc,Financial Services,2001-11-28,2024-10-25,8367,2.950000047683716,3.172001,3.1222034,0.22200095231628403,0.17220335231628425,1.0752545588908025,1.0583740167907778,V,HELLp
KDP,Keurig Dr Pepper Inc.,Consumer Defensive,2008-05-07,2024-10-25,6015,34.58000183105469,36.344986,37.51024,1.7649841689453112,2.9302381689453156,1.0510406036867315,1.0847379414050176,V,HELLp
PBR,Petróleo Brasileiro S.A. - Petrobras,Energy,2000-08-10,2024-10-25,8842,13.789999961853027,13.236669,11.896262,-0.5533309618530282,-1.8937379618530272,0.9598744769119872,0.8626730988330941,V,HELLp
OXY,Occidental Petroleum Corporation,Energy,1981-12-31,2024-10-25,15639,51.58000183105469,53.221584,58.358227,1.6415821689453125,6.778225168945312,1.0318259424325373,1.1314118830617093,V,HELLp
WBA,"Walgreens Boots Alliance, Inc.",Healthcare,1980-03-17,2024-10-25,16293,9.260000228881836,9.318028,8.502207,0.05802777111816404,-0.7577932288818356,1.0062664978060343,0.9181648801132545,V,HELLp
MPWR,"Monolithic Power Systems, Inc.",Technology,2004-11-19,2024-10-25,7280,901.2899780273438,691.6111,536.1102,-209.67887802734379,-365.1797780273438,0.7673569182625678,0.5948254314037599,V,HELLp
AES,The AES Corporation,Utilities,1991-06-26,2024-10-25,12175,16.959999084472656,16.645084,15.592957,-0.3149150844726556,-1.367042084472656,0.9814318926018711,0.9193960991587422,V,HELLp
ERIC,Telefonaktiebolaget LM Ericsson (publ),Technology,1981-08-24,2024-10-25,15768,8.4399995803833,8.825225,9.800682,0.38522541961669887,1.3606824196166993,1.0456428244987193,1.1612183041785062,V,HELLp
AKAM,"Akamai Technologies, Inc.",Technology,1999-10-29,2024-10-25,9128,101.97000122070312,104.43295,107.2861,2.4629487792968803,5.31609877929688,1.0241536603884713,1.052133948373608,V,HELLp
NLY,"Annaly Capital Management, Inc.",Real Estate,1997-10-08,2024-10-25,9879,19.489999771118164,23.153378,28.572407,3.663378228881836,9.082407228881834,1.187961943145352,1.466003454876427,V,HELLp
UMC,United Microelectronics Corporation,Technology,2000-09-19,2024-10-25,8802,7.75,8.1246805,9.215424,0.3746805000000002,1.4654240000000005,1.048345870967742,1.1890869677419356,V,HELLp
NWL,Newell Brands Inc.,Consumer Defensive,1980-03-17,2024-10-25,16293,8.729999542236328,7.38947,7.4822626,-1.340529542236328,-1.2477369422363278,0.8464456343037872,0.8570747986641131,V,HELLp
HPE,Hewlett Packard Enterprise Company,Technology,2015-10-19,2024-10-25,3294,19.459999084472656,17.936209,16.784029,-1.5237900844726546,-2.675970084472656,0.9216962920780144,0.8624886839482001,V,HELLp
MNSO,MINISO Group Holding Limited,Consumer Cyclical,2020-10-15,2024-10-25,1471,17.40999984741211,17.68095,18.022583,0.2709501525878899,0.6125831525878915,1.0155629037887766,1.0351857069475476,V,HELLp
AVAV,"AeroVironment, Inc.",Industrials,2007-01-23,2024-10-25,6485,220.8999938964844,151.53853,120.96741,-69.3614638964844,-99.9325838964844,0.686005134391322,0.547611649354261,V,HELLp
MU,"Micron Technology, Inc.",Technology,1984-06-01,2024-10-25,14756,107.91000366210938,104.02642,98.24876,-3.8835836621093733,-9.66124366210937,0.9640109023231085,0.9104694343968247,V,HELLp
PARA,Paramount Global,Communication Services,2005-12-05,2024-10-25,6899,10.270000457763672,10.619648,11.444709,0.3496475422363279,1.1747085422363277,1.0340455235298465,1.1143825209227034,V,HELLp
IAG,IAMGOLD Corporation,Basic Materials,2003-07-15,2024-10-25,7773,5.769999980926514,5.8375387,5.374739,0.06753871907348596,-0.39526098092651374,1.0117051506580146,0.9314972301155805,V,HELLp
Crude Oil,,,,,,,,,,,,,,
MPW,"Medical Properties Trust, Inc.",Real Estate,2005-07-08,2024-10-25,7049,4.619999885559082,5.645686,6.712932,1.0256861144409184,2.0929321144409183,1.2220099869800747,1.453015620407888,V,HELLp
T,AT&T Inc.,Communication Services,1983-11-21,2024-10-25,14949,21.82999992370605,22.018538,21.569098,0.18853807629394836,-0.2609019237060508,1.008636650341405,0.9880484688677105,V,HELLp
IBN,ICICI Bank Limited,Financial Services,2000-03-28,2024-10-25,8977,29.479999542236328,21.4847,17.086946,-7.995299542236328,-12.393053542236327,0.7287890208145569,0.5796114744004436,V,HELLp
AAL,American Airlines Group Inc.,Industrials,2005-09-27,2024-10-25,6968,13.149999618530272,13.186713,14.200016,0.03671338146972758,1.050016381469728,1.0027918922079657,1.0798491568007424,V,HELLp
FTV,Fortive Corporation,Technology,2016-07-05,2024-10-25,3034,74.97000122070312,74.35506,72.337326,-0.6149412207031304,-2.6326752207031205,0.9917975028586059,0.9648836177426111,V,HELLp
BTE,Baytex Energy Corp.,Energy,2006-04-03,2024-10-25,6780,2.970000028610229,2.8977427,2.8865376,-0.07225732861022927,-0.08346242861022901,0.9756709333622327,0.971898172455815,V,HELLp
ITUB,Itaú Unibanco Holding S.A.,Financial Services,2002-02-25,2024-10-25,8278,6.190000057220459,6.333654,6.5042377,0.14365394277954113,0.314237642779541,1.0232074218823266,1.0507653699312962,V,HELLp
MRNA,"Moderna, Inc.",Healthcare,2018-12-07,2024-10-25,2149,53.09000015258789,50.05863,45.71708,-3.0313701525878898,-7.372920152587888,0.9429012969697623,0.8611241263628346,V,HELLp
IBM,International Business Machines Corporation,Technology,1962-01-02,2024-10-25,22942,214.6699981689453,210.56111,192.0411,-4.108888168945299,-22.628898168945312,0.9808595136535493,0.8945875140356765,V,HELLp
PDD,PDD Holdings Inc.,Consumer Cyclical,2018-07-26,2024-10-25,2283,122.47000122070312,128.13646,137.89815,5.666458779296875,15.428148779296862,1.0462681368728441,1.1259749214135615,V,HELLp
ENPH,"Enphase Energy, Inc.",Technology,2012-03-30,2024-10-25,4592,83.83000183105469,79.43024,66.60056,-4.39976183105469,-17.229441831054686,0.9475156658123225,0.7944716515004051,V,HELLp
SMMT,Summit Therapeutics Inc.,Healthcare,2015-03-05,2024-10-25,3522,21.26000022888184,15.95644,13.304562,-5.303560228881839,-7.955438228881839,0.750538091637604,0.625802533243893,V,HELLp
S&P Futures,,,,,,,,,,,,,,
ABNB,"Airbnb, Inc.",Consumer Cyclical,2020-12-10,2024-10-25,1415,134.5800018310547,132.47949,129.207,-2.100511831054689,-5.373001831054694,0.9843920953895395,0.9600757782883693,V,HELLp
Dow 30,,,,,,,,,,,,,,
NYCB,"New York Community Bancorp, Inc.",Financial Services,1993-11-23,2024-10-25,11294,10.550000190734863,11.511352,11.063695,0.9613518092651372,0.5136948092651359,1.091123392595709,1.0486914502348794,V,HELLp
GOLD,Barrick Gold Corporation,Basic Materials,1985-02-13,2024-10-25,14499,19.61000061035156,20.61124,20.78253,1.0012393896484397,1.1725293896484423,1.051057590947749,1.0597924198446733,V,HELLp
AMZN,"Amazon.com, Inc.",Consumer Cyclical,1997-05-15,2024-10-25,10025,187.8300018310547,181.90147,175.85776,-5.928531831054698,-11.972241831054674,0.968436715257091,0.9362602261920691,V,HELLp
DJT,Trump Media & Technology Group Corp.,Communication Services,2021-09-30,2024-10-25,1121,38.95000076293945,33.1624,29.637638,-5.787600762939455,-9.312362762939454,0.8514094826810299,0.7609149530030285,V,HELLp
NVDA,NVIDIA Corporation,Technology,1999-01-22,2024-10-25,9408,141.5399932861328,85.1091,67.044525,-56.430893286132815,-74.49546828613282,0.6013077860470581,0.47367901780569455,V,HELLp
BILI,Bilibili Inc.,Communication Services,2018-03-28,2024-10-25,2403,20.649999618530277,18.992338,17.889431,-1.6576616185302768,-2.7605686185302787,0.919725828128211,0.8663162871899968,V,HELLp
NIO,NIO Inc.,Consumer Cyclical,2018-09-12,2024-10-25,2235,5.260000228881836,5.794794,6.4196362,0.5347937711181636,1.1596359711181643,1.101671815180101,1.2204631027867232,V,HELLp
BSY,"Bentley Systems, Incorporated",Technology,2020-09-23,2024-10-25,1493,49.150001525878906,49.48308,50.11043,0.3330784741210948,0.9604284741210947,1.00677677444111,1.0195407618373196,V,HELLp
GILD,"Gilead Sciences, Inc.",Healthcare,1992-01-22,2024-10-25,11965,89.0,88.39319,89.65442,-0.6068099999999959,0.6544200000000018,0.9931819101123596,1.007353033707865,V,HELLp
NUVL,"Nuvalent, Inc.",Healthcare,2021-07-29,2024-10-25,1184,90.6999969482422,87.89133,80.90221,-2.8086669482422053,-9.797786948242205,0.9690334394405221,0.8919758844773358,V,HELLp
BTI,British American Tobacco p.l.c.,Consumer Defensive,1980-04-14,2024-10-25,16265,34.470001220703125,34.484257,34.01051,0.014255779296874493,-0.45949122070312853,1.000413570606093,0.9866698229059779,V,HELLp
SAVA,"Cassava Sciences, Inc.",Healthcare,2000-07-14,2024-10-25,8869,26.549999237060547,27.617094,26.813982,1.0670947629394547,0.26398276293945244,1.0401918942976813,1.0099428538804236,V,HELLp
AMAT,"Applied Materials, Inc.",Technology,1980-03-17,2024-10-25,16293,186.5200042724609,101.35638,69.12728,-85.16362427246091,-117.39272427246091,0.5434075577863632,0.37061590401328565,V,HELLp
ZIM,ZIM Integrated Shipping Services Ltd.,Industrials,2021-01-28,2024-10-25,1366,22.799999237060547,21.4831,18.653576,-1.3168992370605466,-4.146423237060546,0.9422412595996944,0.8181393256224022,V,HELLp
AGNC,AGNC Investment Corp.,Real Estate,2008-05-15,2024-10-25,6007,9.93000030517578,10.465953,11.160522,0.5359526948242213,1.2305216948242208,1.0539730793910318,1.123919602921144,V,HELLp
AAPL,Apple Inc.,Technology,1980-12-12,2024-10-25,16023,231.41000366210935,113.10555,70.259254,-118.30445366210935,-161.15074966210935,0.48876689948611624,0.30361372839606465,V,HELLp
JBL,Jabil Inc.,Technology,1993-05-03,2024-10-25,11498,124.72000122070312,88.5354,63.932323,-36.18460122070313,-60.78767822070313,0.7098733092804316,0.5126068182669921,V,HELLp
GGB,Gerdau S.A.,Basic Materials,1999-03-10,2024-10-25,9361,3.119999885559082,3.0345683,2.742171,-0.08543158555908192,-0.3778288855590821,0.9726180805472134,0.8789009937763579,V,HELLp
TME,Tencent Music Entertainment Group,Communication Services,2018-12-12,2024-10-25,2144,11.489999771118164,11.331404,10.493111,-0.15859577111816492,-0.9968887711181633,0.9861970605502692,0.913238573457243,V,HELLp
LCID,"Lucid Group, Inc.",Consumer Cyclical,2020-09-18,2024-10-25,1498,2.5,2.915561,3.4730802,0.41556099999999985,0.9730802000000001,1.1662244,1.38923208,V,HELLp
GOOG,Alphabet Inc.,Communication Services,2004-08-19,2024-10-25,7372,166.99000549316406,158.61497,149.31538,-8.375035493164063,-17.674625493164058,0.9498470853484288,0.8941575848149332,V,HELLp
CPAY,"Corpay, Inc.",Technology,2010-12-15,2024-10-25,5063,340.7200012207031,302.5194,271.23776,-38.200601220703106,-69.48224122070314,0.887882715767078,0.7960723145933083,V,HELLp
CMCSA,Comcast Corporation,Communication Services,1980-03-17,2024-10-25,16293,41.65999984741211,41.600903,41.708687,-0.05909684741210697,0.04868715258788825,0.9985814486887047,1.001168678654974,V,HELLp
ASX,"ASE Technology Holding Co., Ltd.",Technology,2000-10-02,2024-10-25,8789,10.31999969482422,9.664894,8.815446,-0.6551056948242202,-1.5045536948242209,0.9365207641282417,0.8542099089810247,V,HELLp
AVGO,Broadcom Inc.,Technology,2009-08-06,2024-10-25,5559,173.0,96.73676,70.04535,-76.26324,-102.95465,0.5591720231213873,0.4048864161849711,V,HELLp
CLSK,"CleanSpark, Inc.",Financial Services,2016-11-16,2024-10-25,2900,11.390000343322754,11.877727,11.534824,0.48772665667724624,0.1448236566772465,1.0428206007002598,1.012714982643714,V,HELLp
X,United States Steel Corporation,Basic Materials,1991-04-12,2024-10-25,12250,38.790000915527344,40.469357,42.85205,1.6793560844726585,4.062049084472655,1.0432935304159898,1.1047189736684602,V,HELLp
CVX,Chevron Corporation,Energy,1962-01-02,2024-10-25,22942,150.80999755859375,148.28433,143.59805,-2.5256675585937387,-7.211947558593749,0.9832526516843656,0.9521785844748674,V,HELLp
BR,"Broadridge Financial Solutions, Inc.",Technology,2007-03-22,2024-10-25,6427,214.02999877929688,204.10017,189.43327,-9.929828779296884,-24.596728779296882,0.9536054345842598,0.8850781249377079,V,HELLp
MBLY,Mobileye Global Inc.,Consumer Cyclical,2022-10-26,2024-10-25,730,12.670000076293944,20.895275,26.225754,8.225274923706058,13.555753923706055,1.649192965601939,2.069909537654178,V,HELLp
AA,Alcoa Corporation,Basic Materials,1962-01-02,2024-10-25,22942,41.09999847412109,41.0215,37.985413,-0.07849847412108346,-3.1145854741210854,0.9980900613859995,0.9242193287164668,V,HELLp
U,Unity Software Inc.,Technology,2020-09-18,2024-10-25,1498,19.71999931335449,28.068851,33.12906,8.34885168664551,13.409060686645514,1.4233697757277113,1.6799726751290922,V,HELLp
HBAN,Huntington Bancshares Incorporated,Financial Services,1980-03-17,2024-10-25,16293,15.380000114440918,15.61511,15.766922,0.23510988555908163,0.38692188555908125,1.0152867284661673,1.025157469615087,V,HELLp
DOC,"Healthpeak Properties, Inc.",Real Estate,1985-05-23,2024-10-25,14400,22.290000915527344,23.059258,23.523315,0.7692570844726561,1.2333140844726564,1.0345113078903818,1.0553303738813902,V,HELLp
NOV,NOV Inc.,Energy,1996-10-29,2024-10-25,10223,15.720000267028809,14.9004755,13.989177,-0.8195247670288079,-1.7308232670288088,0.9478673821178183,0.8898967406089016,V,HELLp
KSS,Kohl's Corporation,Consumer Cyclical,1992-05-19,2024-10-25,11847,19.040000915527344,19.851233,21.592817,0.8112320844726568,2.5528160844726564,1.042606725076945,1.1340764685778353,V,HELLp
GM,General Motors Company,Consumer Cyclical,2010-11-18,2024-10-25,5090,52.06999969482422,52.96007,54.248524,0.890070305175783,2.1785243051757845,1.0170937259533777,1.0418383775291693,V,HELLp
HIMS,"Hims & Hers Health, Inc.",Consumer Defensive,2019-09-13,2024-10-25,1869,21.729999542236328,19.860401,17.762932,-1.8695985422363286,-3.967067542236329,0.9139623294237805,0.817438213262472,V,HELLp
MO,"Altria Group, Inc.",Consumer Defensive,1962-01-02,2024-10-25,22942,49.709999084472656,50.096405,50.543564,0.38640591552734094,0.8335649155273472,1.0077732030304551,1.0167685562438025,V,HELLp
MNST,Monster Beverage Corporation,Consumer Defensive,1985-12-09,2024-10-25,14200,53.369998931884766,44.793697,37.475193,-8.576301931884764,-15.894805931884768,0.8393048134996114,0.7021771360315925,V,HELLp
COMP,"Compass, Inc.",Real Estate,2021-04-01,2024-10-25,1303,5.639999866485596,5.215498,4.3446336,-0.4245018664855955,-1.2953662664855958,0.9247337098342678,0.7703251246187057,V,HELLp
Russell 2000,,,,,,,,,,,,,,
WMT,Walmart Inc.,Consumer Defensive,1972-08-25,2024-10-25,19054,82.51000213623047,60.61035,41.690872,-21.899652136230472,-40.81913013623047,0.7345818498456413,0.5052826435656262,V,HELLp
KGC,Kinross Gold Corporation,Basic Materials,1981-03-17,2024-10-25,15928,10.529999732971191,10.9782915,11.634523,0.4482917670288078,1.1045232670288083,1.0425728184612513,1.1048930004784674,V,HELLp
CX,"CEMEX, S.A.B. de C.V.",Basic Materials,1999-09-15,2024-10-25,9172,5.980000019073486,5.8880043,5.760116,-0.09199571907348592,-0.21988401907348631,0.9846161005384513,0.9632300972621812,V,HELLp
BOX,"Box, Inc.",Technology,2015-01-23,2024-10-25,3563,32.04999923706055,30.827831,29.685154,-1.2221682370605471,-2.364845237060546,0.9618668247689907,0.9262138754023435,V,HELLp
SQ,"Block, Inc.",Technology,2015-11-19,2024-10-25,3263,72.61000061035156,72.970566,74.26214,0.36056538964844265,1.6521393896484398,1.0049657813884805,1.0227536066073646,V,HELLp
GEV,GE Vernova Inc.,Utilities,2024-04-01,2024-10-25,207,293.5400085449219,276.36963,266.6468,-17.170378544921903,-26.89320854492189,0.9415058321009273,0.9083831581315557,V,HELLp
VTRS,Viatris Inc.,Healthcare,1980-03-17,2024-10-25,16293,11.4399995803833,11.381637,10.976445,-0.05836258038330122,-0.4635545803833008,0.994898375653494,0.9594794932354561,V,HELLp
NET,"Cloudflare, Inc.",Technology,2019-09-13,2024-10-25,1869,88.76000213623047,88.92815,88.03246,0.1681478637695335,-0.7275421362304684,1.001894410316839,0.9918032658999509,V,HELLp
SNMYF,Suncorp Group Limited,Financial Services,2014-07-02,2024-10-25,3768,12.880000114440918,12.624828,12.334434,-0.25517211444091714,-0.5455661144409181,0.9801885006076343,0.9576423827955378,V,HELLp
SNAP,Snap Inc.,Communication Services,2017-03-02,2024-10-25,2794,10.449999809265137,11.515701,12.740494,1.0657011907348632,2.2904941907348633,1.10198097705131,1.2191860509608885,V,HELLp
NU,Nu Holdings Ltd.,Financial Services,2021-12-09,2024-10-25,1051,14.9399995803833,12.881807,11.664484,-2.0581925803833006,-3.275515580383301,0.8622361018613566,0.7807553097468518,V,HELLp
AMD,"Advanced Micro Devices, Inc.",Technology,1980-03-17,2024-10-25,16293,156.22999572753906,93.72289,61.81101,-62.507105727539056,-94.41898572753905,0.5999033000260092,0.3956411168812726,V,HELLp
AQN,Algonquin Power & Utilities Corp.,Utilities,2009-12-29,2024-10-25,5414,4.960000038146973,5.1205206,5.3859634,0.1605205618530272,0.42596336185302697,1.032363016253725,1.0858797093905193,V,HELLp
SHOP,Shopify Inc.,Technology,2015-05-20,2024-10-25,3446,79.05000305175781,87.603294,113.02642,8.553290948242193,33.97641694824219,1.108201019836039,1.4298091794632342,V,HELLp
ALTM,Arcadium Lithium plc,Basic Materials,2018-10-11,2024-10-25,2206,5.460000038146973,5.1735234,4.3887353,-0.286476638146973,-1.071264738146973,0.9475317516217091,0.803797668376841,V,HELLp
DKNG,DraftKings Inc.,Consumer Cyclical,2019-07-25,2024-10-25,1919,36.470001220703125,38.306946,41.97586,1.8369447792968785,5.505858779296872,1.0503686514343764,1.150969525500628,V,HELLp
PYPL,"PayPal Holdings, Inc.",Financial Services,2015-07-06,2024-10-25,3399,81.69999694824219,79.636765,76.32453,-2.0632319482421906,-5.375466948242192,0.9747462420402626,0.9342048084573662,V,HELLp
GAP,"The Gap, Inc.",Consumer Cyclical,1980-03-17,2024-10-25,16293,21.61000061035156,21.671194,22.23119,0.0611933896484409,0.6211893896484426,1.002831716238783,1.0287454591440817,V,HELLp
RKLB,"Rocket Lab USA, Inc.",Industrials,2020-11-24,2024-10-25,1431,11.18000030517578,11.104099,11.176293,-0.07590130517577975,-0.0037073051757801068,0.9932109746776445,0.9996683984727565,V,HELLp
BKR,Baker Hughes Company,Energy,1987-04-06,2024-10-25,13717,37.52000045776367,38.242397,42.717705,0.722396542236325,5.19770454223633,1.0192536389504987,1.1385315692649682,V,HELLp
NEE,"NextEra Energy, Inc.",Utilities,1973-02-21,2024-10-25,18874,81.43000030517578,54.36764,39.405823,-27.06236030517578,-42.02417730517578,0.6676610560757217,0.4839226679641228,V,HELLp
MRK,"Merck & Co., Inc.",Healthcare,1962-01-02,2024-10-25,22942,103.9800033569336,100.378494,89.26606,-3.6015093569335903,-14.713943356933598,0.9653634425787558,0.8584925670138244,V,HELLp
HL,Hecla Mining Company,Basic Materials,1980-03-17,2024-10-25,16293,6.800000190734863,7.01633,7.0426245,0.21632980926513667,0.24262430926513634,1.0318132063525367,1.0356800444793688,V,HELLp
CZR,"Caesars Entertainment, Inc.",Consumer Cyclical,2014-09-22,2024-10-25,3686,44.18000030517578,43.674767,43.635864,-0.5052333051757785,-0.5441363051757833,0.98856420774817,0.9876836509412148,V,HELLp
LUMN,"Lumen Technologies, Inc.",Communication Services,1980-03-17,2024-10-25,16293,6.440000057220459,6.3418837,6.639604,-0.09811635722045864,0.1996039427795413,0.9847645409396462,1.0309944007773335,V,HELLp
NOK,Nokia Oyj,Technology,1994-07-01,2024-10-25,11074,4.769999980926514,4.5991817,4.2038503,-0.17081828092651374,-0.5661496809265136,0.9641890394948525,0.8813103389538073,V,HELLp
JBLU,JetBlue Airways Corporation,Industrials,2002-04-12,2024-10-25,8232,7.179999828338623,7.1934147,7.6383953,0.013414871661376893,0.45839547166137695,1.0018683665713235,1.0638433819806157,V,HELLp
BA,The Boeing Company,Industrials,1962-01-02,2024-10-25,22942,155.00999450683594,153.91843,148.92438,-1.0915645068359368,-6.085614506835924,0.9929581024094043,0.9607405024031044,V,HELLp
FTNT,"Fortinet, Inc.",Technology,2009-11-18,2024-10-25,5455,80.33999633789062,71.83121,64.8782,-8.508786337890626,-15.461796337890618,0.8940902822287329,0.8075454687244192,V,HELLp
CDE,"Coeur Mining, Inc.",Basic Materials,1980-03-17,2024-10-25,16293,6.800000190734863,5.960083,2.4236064,-0.8399171907348633,-4.376393790734863,0.8764827695329674,0.3564126958852461,V,HELLp
TSM,Taiwan Semiconductor Manufacturing Company Limited,Technology,1997-10-09,2024-10-25,9878,203.44000244140625,123.12224,97.05732,-80.31776244140624,-106.38268244140625,0.605201722977078,0.4770808043415845,V,HELLp
SNOW,Snowflake Inc.,Technology,2020-09-16,2024-10-25,1500,116.04000091552734,137.99641,153.76437,21.956409084472654,37.72436908447267,1.1892141409103925,1.3250979729992811,V,HELLp
NKE,"NIKE, Inc.",Consumer Cyclical,1980-12-02,2024-10-25,16033,78.8499984741211,78.22984,74.618454,-0.6201584741210979,-4.231544474121094,0.992134958958501,0.9463342478629229,V,HELLp
STLA,Stellantis N.V.,Consumer Cyclical,2010-06-09,2024-10-25,5252,13.640000343322754,13.589985,13.857012,-0.05001534332275348,0.2170116566772453,0.9963331860657,1.015909945103739,V,HELLp
UPST,"Upstart Holdings, Inc.",Financial Services,2020-12-16,2024-10-25,1409,50.58000183105469,45.94715,38.288185,-4.632851831054687,-12.291816831054689,0.9084054633582428,0.7569826732685513,V,HELLp
VST,Vistra Corp.,Utilities,2016-10-05,2024-10-25,2942,124.02999877929688,39.56141,27.92086,-84.46858877929688,-96.10913877929687,0.3189664628667529,0.2251137650148922,V,HELLp
LI,Li Auto Inc.,Consumer Cyclical,2020-07-30,2024-10-25,1548,28.790000915527344,28.255493,29.601917,-0.5345079155273424,0.8119160844726565,0.9814342515272702,1.0282013219400339,V,HELLp
ELAN,Elanco Animal Health Incorporated,Healthcare,2018-09-20,2024-10-25,2227,12.40999984741211,11.865313,11.254924,-0.5446868474121089,-1.1550758474121086,0.9561090367357503,0.9069237823034317,V,HELLp
Gold,Barrick Gold Corporation,Basic Materials,1985-02-13,2024-10-25,14499,19.61000061035156,19.709955,17.830528,0.09995438964844183,-1.779472610351558,1.0050971130309745,0.9092568814397576,V,HELLp
DXCM,"DexCom, Inc.",Healthcare,2005-04-14,2024-10-25,7134,73.44000244140625,74.81407,77.867,1.374067558593751,4.426997558593754,1.0187100696203004,1.060280465841839,V,HELLp
CVS,CVS Health Corporation,Healthcare,1973-02-21,2024-10-25,18874,56.4900016784668,56.993366,56.95763,0.5033643215332049,0.4676283215332049,1.0089106798827567,1.0082780723603955,V,HELLp
DVN,Devon Energy Corporation,Energy,1985-07-22,2024-10-25,14340,39.18999862670898,41.376812,46.340076,2.1868133732910238,7.150077373291026,1.0558002921643548,1.1824464818536142,V,HELLp
ARM,Arm Holdings plc,Technology,2023-09-14,2024-10-25,407,143.75,144.40099,143.64822,0.6509900000000073,-0.10177999999999088,1.0045286260869566,0.9992919652173914,V,HELLp
AMCR,Amcor plc,Consumer Cyclical,2012-05-15,2024-10-25,4546,11.0,11.125943,11.231073,0.12594299999999947,0.2310730000000003,1.0114493636363635,1.0210066363636363,V,HELLp
S,"SentinelOne, Inc.",Technology,2021-06-30,2024-10-25,1213,26.26000022888184,23.629044,19.835474,-2.630956228881839,-6.424526228881838,0.8998112640536764,0.7553493460439549,V,HELLp
TYL,"Tyler Technologies, Inc.",Technology,1980-03-17,2024-10-25,16293,605.8599853515625,299.67633,203.64684,-306.1836553515625,-402.2131453515625,0.4946296788788696,0.3361285526751363,V,HELLp
NXPI,NXP Semiconductors N.V.,Technology,2010-08-06,2024-10-25,5194,243.16000366210935,230.71368,220.85324,-12.446323662109336,-22.306763662109347,0.948814264374644,0.9082630230047767,V,HELLp
NGD,New Gold Inc.,Basic Materials,2004-11-18,2024-10-25,7281,2.880000114440918,2.830913,2.555196,-0.04908711444091818,-0.32480411444091795,0.982955863718621,0.8872207980783463,V,HELLp
PLTR,Palantir Technologies Inc.,Technology,2020-09-30,2024-10-25,1486,44.86000061035156,32.158104,24.440084,-12.701896610351561,-20.419916610351564,0.7168547383519079,0.5448079283877759,V,HELLp
STX,Seagate Technology Holdings plc,Technology,2002-12-11,2024-10-25,7989,103.01000213623048,103.50815,98.849335,0.4981478637695176,-4.160667136230487,1.0048359174200454,0.9596090957193845,V,HELLp
DIS,The Walt Disney Company,Communication Services,1962-01-02,2024-10-25,22942,95.02999877929688,96.69493,98.35422,1.6649312207031244,3.324221220703123,1.0175200593716711,1.034980756218081,V,HELLp
ZI,ZoomInfo Technologies Inc.,Technology,2020-06-04,2024-10-25,1604,10.489999771118164,13.537296,16.856789,3.0472962288818355,6.366789228881835,1.290495357042035,1.606938929246819,V,HELLp
SOFI,"SoFi Technologies, Inc.",Financial Services,2021-01-04,2024-10-25,1390,10.989999771118164,10.325903,9.626692,-0.6640967711181638,-1.3633077711181638,0.9395726310328579,0.8759501547305805,V,HELLp
BBD,Banco Bradesco S.A.,Financial Services,2002-08-02,2024-10-25,8120,2.5799999237060547,2.608241,2.5490487,0.028241076293945344,-0.03095122370605452,1.0109461539259963,0.988003401309565,V,HELLp
TFC,Truist Financial Corporation,Financial Services,1980-03-18,2024-10-25,16292,42.630001068115234,43.917137,45.633488,1.2871359318847624,3.0034869318847655,1.0301931949245824,1.0704547702704892,V,HELLp
BMY,Bristol-Myers Squibb Company,Healthcare,1972-06-01,2024-10-25,19139,51.91999816894531,52.22279,50.33608,0.3027918310546909,-1.58391816894531,1.0058318921751388,0.9694931004467429,V,HELLp
TAL,TAL Education Group,Consumer Defensive,2010-10-20,2024-10-25,5119,10.979999542236328,9.656714,7.364229,-1.323285542236329,-3.615770542236328,0.879482186028688,0.6706948367048935,V,HELLp
BCS,Barclays PLC,Financial Services,1986-09-09,2024-10-25,13926,12.59000015258789,13.096949,13.799055,0.5069488474121098,1.2090548474121086,1.0402659921579036,1.0960329493851186,V,HELLp
FHN,First Horizon Corporation,Financial Services,1980-03-17,2024-10-25,16293,17.09000015258789,17.45023,17.72088,0.3602298474121106,0.6308798474121105,1.021078399309292,1.0369151458033532,V,HELLp
CCL,Carnival Corporation & plc,Consumer Cyclical,1987-07-24,2024-10-25,13608,20.90999984741211,21.730621,23.48562,0.8206211525878899,2.5756201525878915,1.039245392567014,1.1231764787844634,V,HELLp
COP,ConocoPhillips,Energy,1981-12-31,2024-10-25,15639,104.55999755859376,99.21127,89.61724,-5.348727558593765,-14.942757558593769,0.9488453741059393,0.8570891554370964,V,HELLp
CSX,CSX Corporation,Industrials,1980-11-03,2024-10-25,16062,33.27000045776367,27.767881,22.337896,-5.502119457763673,-10.932104457763671,0.8346222007195755,0.6714125546333551,V,HELLp
KO,The Coca-Cola Company,Consumer Defensive,1962-01-02,2024-10-25,22942,66.91999816894531,72.47986,80.795105,5.55986183105469,13.875106831054694,1.0830822173219183,1.2073387210206699,V,HELLp
HOOD,"Robinhood Markets, Inc.",Financial Services,2021-07-29,2024-10-25,1184,27.059999465942383,30.63687,52.07397,3.5768705340576155,25.01397053405762,1.1321829491740918,1.9243891732348373,V,HELLp
ABEV,Ambev S.A.,Consumer Defensive,1997-03-05,2024-10-25,10096,2.25,2.2314923,2.134297,-0.018507699999999794,-0.11570299999999989,0.9917743555555556,0.9485764444444444,V,HELLp
PM,Philip Morris International Inc.,Consumer Defensive,2008-03-17,2024-10-25,6066,129.86000061035156,127.416824,116.84953,-2.443176610351557,-13.010470610351561,0.9811860727023838,0.899811562072991,V,HELLp
DAL,"Delta Air Lines, Inc.",Industrials,2007-05-03,2024-10-25,6385,54.119998931884766,54.03538,52.223022,-0.0846189318847621,-1.8969769318847653,0.9984364572513894,0.9649486886673392,V,HELLp
IT,"Gartner, Inc.",Technology,1993-10-05,2024-10-25,11343,513.3599853515625,239.42102,172.67319,-273.9389653515625,-340.6867953515625,0.4663803701724788,0.3363588805655525,V,HELLp
INFY,Infosys Limited,Technology,1999-03-11,2024-10-25,9360,21.88999938964844,17.533232,14.332838,-4.356767389648439,-7.55716138964844,0.8009699629453297,0.6547664869638076,V,HELLp
IOVA,"Iovance Biotherapeutics, Inc.",Healthcare,2010-10-15,2024-10-25,5124,10.670000076293944,9.641916,8.681076,-1.0280840762939434,-1.9889240762939444,0.9036472287776185,0.8135966202368795,V,HELLp
DELL,Dell Technologies Inc.,Technology,2016-08-17,2024-10-25,2991,122.5500030517578,80.09772,62.556854,-42.4522830517578,-59.9931490517578,0.6535921501868222,0.5104598322496958,V,HELLp
RUN,Sunrun Inc.,Technology,2015-08-05,2024-10-25,3369,14.369999885559082,13.123357,11.246927,-1.2466428855590816,-3.1230728855590826,0.9132468409542663,0.7826671600256888,V,HELLp
OWL,Blue Owl Capital Inc.,Financial Services,2020-12-14,2024-10-25,1411,22.96999931335449,19.722933,18.006046,-3.2470663133544875,-4.963953313354487,0.8586388153931428,0.7838940591317953,V,HELLp
DDOG,"Datadog, Inc.",Technology,2019-09-19,2024-10-25,1863,126.5999984741211,128.69052,138.00064,2.0905215258788985,11.40064152587891,1.0165128084603117,1.0900524617953244,V,HELLp
CNH,CNH Industrial N.V.,Industrials,2013-09-30,2024-10-25,4043,11.199999809265137,11.101306,11.152134,-0.09869380926513749,-0.047865809265136505,0.9911880525941176,0.9957262669571173,V,HELLp
LYFT,"Lyft, Inc.",Technology,2019-03-29,2024-10-25,2037,13.40999984741211,14.511413,17.574299,1.1014131525878899,4.1642991525878905,1.0821337185026474,1.3105368530926216,V,HELLp
LUNR,"Intuitive Machines, Inc.",Industrials,2021-11-17,2024-10-25,1073,7.989999771118164,8.48374,8.562634,0.4937402288818351,0.5726342288818351,1.061794773845499,1.0716688667441223,V,HELLp
IOT,Samsara Inc.,Technology,2021-12-15,2024-10-25,1045,47.68999862670898,40.345757,36.82759,-7.344241626708978,-10.862408626708977,0.8460003808304619,0.772228791371249,V,HELLp
F,Ford Motor Company,Consumer Cyclical,1972-06-01,2024-10-25,19139,11.06999969482422,11.321345,11.672028,0.25134530517578035,0.6020283051757787,1.0227050869110048,1.0543837689044615,V,HELLp
CORZ,"Core Scientific, Inc.",Technology,2024-01-24,2024-10-25,275,13.369999885559082,10.312433,10.165961,-3.0575668855590816,-3.2040388855590827,0.7713113753380391,0.7603561022450149,V,HELLp
EBAY,eBay Inc.,Consumer Cyclical,1998-09-24,2024-10-25,9528,63.09999847412109,57.891983,51.557312,-5.208015474121083,-11.542686474121084,0.9174640950861984,0.8170731100911987,V,HELLp
MANH,"Manhattan Associates, Inc.",Technology,1998-04-23,2024-10-25,9682,275.70001220703125,154.13043,110.307144,-121.56958220703126,-165.39286820703126,0.5590512266073421,0.40009843712726106,V,HELLp
PINXF,The People's Insurance Company (Group) of China Limited,Financial Services,2015-08-06,2024-10-25,3368,0.3571000099182129,0.35022113,0.330891,-0.006878879918212899,-0.0262090099182129,0.9807368251829834,0.9266059669832672,V,HELLp
FCX,Freeport-McMoRan Inc.,Basic Materials,1995-07-10,2024-10-25,10700,46.59999847412109,46.97484,47.10594,0.37484152587891373,0.5059415258789102,1.008043809831605,1.0108571146447543,V,HELLp
GDDY,GoDaddy Inc.,Technology,2015-03-31,2024-10-25,3496,160.52999877929688,112.62378,88.42726,-47.90621877929688,-72.10273877929687,0.7015746642771717,0.5508457028120542,V,HELLp
RIG,Transocean Ltd.,Energy,1993-05-28,2024-10-25,11473,4.139999866485596,3.9061697,3.2364426,-0.23383016648559574,-0.9035572664855955,0.9435192816360906,0.7817494455011622,V,HELLp
CELH,"Celsius Holdings, Inc.",Consumer Defensive,2007-01-22,2024-10-25,6486,31.65999984741211,30.763172,28.990984,-0.8968278474121085,-2.6690158474121084,0.9716731569256335,0.9156975407367137,V,HELLp
FE,FirstEnergy Corp.,Utilities,1997-11-10,2024-10-25,9846,43.40999984741211,44.452377,45.632343,1.042377152587889,2.2223431525878894,1.0240123740210063,1.0511942676894612,V,HELLp
ADI,"Analog Devices, Inc.",Technology,1980-03-17,2024-10-25,16293,230.1699981689453,149.42876,107.547646,-80.7412381689453,-122.62235216894531,0.6492104148617969,0.4672531035998001,V,HELLp
CLF,Cleveland-Cliffs Inc.,Basic Materials,1973-02-21,2024-10-25,18874,13.06999969482422,13.630333,14.668517,0.5603333051757797,1.598517305175779,1.0428717152455385,1.1223043108263269,V,HELLp
ROKU,"Roku, Inc.",Communication Services,2017-09-28,2024-10-25,2584,75.2699966430664,70.63521,63.320526,-4.6347866430664055,-11.949470643066405,0.9384245137535376,0.8412452348080828,V,HELLp
PR,Permian Resources Corporation,Energy,2016-04-15,2024-10-25,3115,13.90999984741211,14.780545,16.510143,0.8705451525878907,2.60014315258789,1.0625841238057132,1.186926181244469,V,HELLp
NEM,Newmont Corporation,Basic Materials,1980-03-17,2024-10-25,16293,48.41999816894531,50.015453,46.52775,1.5954548310546883,-1.892248168945315,1.0329503281988546,0.960920110687676,V,HELLp
BSX,Boston Scientific Corporation,Healthcare,1992-05-19,2024-10-25,11847,84.7300033569336,64.57957,49.988865,-20.15043335693359,-34.7411383569336,0.7621806614116622,0.5899783195973322,V,HELLp
BEKE,KE Holdings Inc.,Real Estate,2020-08-13,2024-10-25,1534,20.780000686645508,18.4241,16.40946,-2.3559006866455086,-4.3705406866455085,0.8866265347065386,0.7896756235694312,V,HELLp
